Uuid,Void/Retire,Frequency per day,Concept frequency,_version:1,_order:7000
a0aeec3f-7929-485d-95bb-500c9421a113,,1,160862AAAAAAAAAAAAAAAAAAAAAAAAAAAAAA,,
df205cc7-ecc9-4646-a868-c13fec30e3a7,,12,162245AAAAAAAAAAAAAAAAAAAAAAAAAAAAAA,,
6fc6e788-a2c0-40d4-8bc5-d5ba0b835fd7,,2,160858AAAAAAAAAAAAAAAAAAAAAAAAAAAAAA,,
f9c8c574-c0b1-48a9-853c-c79cf69ccd1a,,3,160866AAAAAAAAAAAAAAAAAAAAAAAAAAAAAA,,
24f2c04c-1102-4037-b4ad-49b42bd97e49,,4,160870AAAAAAAAAAAAAAAAAAAAAAAAAAAAAA,,
24974701-ba6b-41b5-9139-c84bb1192da6,,6,162247AAAAAAAAAAAAAAAAAAAAAAAAAAAAAA,,
b982fec2-5982-4335-ade5-064786f4a050,,8,162246AAAAAAAAAAAAAAAAAAAAAAAAAAAAAA,,
6b51090c-72ca-460e-9f0f-15d72217f733,,2,160858AAAAAAAAAAAAAAAAAAAAAAAAAAAAAA,,
0f72085e-91f6-47cc-a1c4-a15b3e9a6544,,24,162244AAAAAAAAAAAAAAAAAAAAAAAAAAAAAA,,
