Uganda,Central Region,Luwero,Busiika,Kayindu
Uganda,Central Region,Luwero,Busiika,Bunyolo
Uganda,Central Region,Luwero,Wobulenzi,Katikamu
Uganda,Central Region,Luwero,Luwero,Kasana
Uganda,Central Region,Luwero,Zirobwe,Kikyusa
Uganda,Central Region,Wakiso,Nansana,Gganda
Uganda,Central Region,Wakiso,Gayaza,Manyangwa
Uganda,Central Region,Wakiso,Kira,Bulindo
Uganda,Central Region,Wakiso,Entebbe,Kitoro
Uganda,Central Region,Wakiso,Kajjansi,Kitende
Uganda,Central Region,Mukono,Mukono,Ggulu
Uganda,Central Region,Mukono,Seeta,Namugongo
Uganda,Central Region,Mukono,Ntenjeru,Koome
Uganda,Central Region,Mukono,Nakifuma,Naggalama
Uganda,Central Region,Mukono,Lugazi,Najjembe
Uganda,Central Region,Kampala,Kampala,Kololo
Uganda,Central Region,Kampala,Kampala,Ntinda
Uganda,Central Region,Kampala,Kampala,Makerere
Uganda,Central Region,Kampala,Kampala,Kisenyi
Uganda,Central Region,Kampala,Kampala,Bukoto
Uganda,Eastern Region,Jinja,Jinja,Walukuba
Uganda,Eastern Region,Jinja,Jinja,Masese
Uganda,Eastern Region,Jinja,Kakira,Buwenge
Uganda,Eastern Region,Jinja,Bugembe,Namulesa
Uganda,Eastern Region,Jinja,Mpumudde,Wanyange
Uganda,Eastern Region,Mbale,Mbale,Namatala
Uganda,Eastern Region,Mbale,Mbale,Nkoma
Uganda,Eastern Region,Mbale,Bungokho,Busoba
Uganda,Eastern Region,Mbale,Wanale,Mooni
Uganda,Eastern Region,Mbale,Naboa,Busamaga
Uganda,Northern Region,Gulu,Gulu,Layibi
Uganda,Northern Region,Gulu,Gulu,Pece
Uganda,Northern Region,Gulu,Gulu,Bardege
Uganda,Northern Region,Gulu,Unyama,Awach
Uganda,Northern Region,Gulu,Patiko,Pabwoc
Uganda,Northern Region,Lira,Lira,Adyel
Uganda,Northern Region,Lira,Lira,Ojwina
Uganda,Northern Region,Lira,Amac,Barogole
Uganda,Northern Region,Lira,Aromo,Agweng
Uganda,Northern Region,Lira,Barr,Ayer
Uganda,Western Region,Mbarara,Mbarara,Kakoba
Uganda,Western Region,Mbarara,Mbarara,Nyamitanga
Uganda,Western Region,Mbarara,Biharwe,Ruti
Uganda,Western Region,Mbarara,Bwizibwera,Kashari
Uganda,Western Region,Mbarara,Rubindi,Kakiika
Uganda,Western Region,Kabale,Kabale,Rushoroza
Uganda,Western Region,Kabale,Kabale,Kikungiri
Uganda,Western Region,Kabale,Katuna,Muko
Uganda,Western Region,Kabale,Hamurwa,Rubaya
Uganda,Western Region,Kabale,Maziba,Bubare
Uganda,Central Region,Luwero,Busiika,Kayindo
Uganda,Central Region,Luwero,Busiika,Bunyolo
Uganda,Central Region,Luwero,Wobulenzi,Katikamu
Uganda,Central Region,Luwero,Luwero,Kasana
Uganda,Central Region,Luwero,Zirobwe,Kikyusa
Uganda,Central Region,Wakiso,Nansana,Gganda
Uganda,Central Region,Wakiso,Gayaza,Manyangwa
Uganda,Central Region,Wakiso,Kira,Bulindo
Uganda,Central Region,Wakiso,Entebbe,Kitoro
Uganda,Central Region,Wakiso,Kajjansi,Kitende
Uganda,Central Region,Mukono,Mukono,Ggulu
Uganda,Central Region,Mukono,Seeta,Namugongo
Uganda,Central Region,Mukono,Ntenjeru,Koome
Uganda,Central Region,Mukono,Nakifuma,Naggalama
Uganda,Central Region,Mukono,Lugazi,Najjembe
Uganda,Central Region,Kampala,Kampala,Kololo
Uganda,Central Region,Kampala,Kampala,Ntinda
Uganda,Central Region,Kampala,Kampala,Makerere
Uganda,Central Region,Kampala,Kampala,Kisenyi
Uganda,Central Region,Kampala,Kampala,Bukoto
Uganda,Eastern Region,Jinja,Jinja,Walukuba
Uganda,Eastern Region,Jinja,Jinja,Masese
Uganda,Eastern Region,Jinja,Kakira,Buwenge
Uganda,Eastern Region,Jinja,Bugembe,Namulesa
Uganda,Eastern Region,Jinja,Mpumudde,Wanyange
Uganda,Eastern Region,Mbale,Mbale,Namatala
Uganda,Eastern Region,Mbale,Mbale,Nkoma
Uganda,Eastern Region,Mbale,Bungokho,Busoba
Uganda,Eastern Region,Mbale,Wanale,Mooni
Uganda,Eastern Region,Mbale,Naboa,Busamaga
Uganda,Northern Region,Gulu,Gulu,Layibi
Uganda,Northern Region,Gulu,Gulu,Pece
Uganda,Northern Region,Gulu,Gulu,Bardege
Uganda,Northern Region,Gulu,Unyama,Awach
Uganda,Northern Region,Gulu,Patiko,Pabwoc
Uganda,Northern Region,Lira,Lira,Adyel
Uganda,Northern Region,Lira,Lira,Ojwina
Uganda,Northern Region,Lira,Amac,Barogole
Uganda,Northern Region,Lira,Aromo,Agweng
Uganda,Northern Region,Lira,Barr,Ayer
Uganda,Western Region,Mbarara,Mbarara,Kakoba
Uganda,Western Region,Mbarara,Mbarara,Nyamitanga
Uganda,Western Region,Mbarara,Biharwe,Ruti
Uganda,Western Region,Mbarara,Bwizibwera,Kashari
Uganda,Western Region,Mbarara,Rubindi,Kakiika
Uganda,Western Region,Kabale,Kabale,Rushoroza
Uganda,Western Region,Kabale,Kabale,Kikungiri
Uganda,Western Region,Kabale,Katuna,Muko
Uganda,Western Region,Kabale,Hamurwa,Rubaya
Uganda,Western Region,Kabale,Maziba,Bubare
Uganda,Central Region,Luwero,Busiika,Kayindo
Uganda,Central Region,Luwero,Busiika,Bunyolo
Uganda,Central Region,Luwero,Wobulenzi,Katikamu
Uganda,Central Region,Luwero,Luwero,Kasana
Uganda,Central Region,Luwero,Zirobwe,Kikyusa
Uganda,Central Region,Wakiso,Nansana,Gganda
Uganda,Central Region,Wakiso,Gayaza,Manyangwa
Uganda,Central Region,Wakiso,Kira,Bulindo
Uganda,Central Region,Wakiso,Entebbe,Kitoro
Uganda,Central Region,Wakiso,Kajjansi,Kitende
Uganda,Central Region,Mukono,Mukono,Ggulu
Uganda,Central Region,Mukono,Seeta,Namugongo
Uganda,Central Region,Mukono,Ntenjeru,Koome
Uganda,Central Region,Mukono,Nakifuma,Naggalama
Uganda,Central Region,Mukono,Lugazi,Najjembe
Uganda,Central Region,Kampala,Kampala,Kololo
Uganda,Central Region,Kampala,Kampala,Ntinda
Uganda,Central Region,Kampala,Kampala,Makerere
Uganda,Central Region,Kampala,Kampala,Kisenyi
Uganda,Central Region,Kampala,Kampala,Bukoto
Uganda,Eastern Region,Jinja,Jinja,Walukuba
Uganda,Eastern Region,Jinja,Jinja,Masese
Uganda,Eastern Region,Jinja,Kakira,Buwenge
Uganda,Eastern Region,Jinja,Bugembe,Namulesa
Uganda,Eastern Region,Jinja,Mpumudde,Wanyange
Uganda,Eastern Region,Mbale,Mbale,Namatala
Uganda,Eastern Region,Mbale,Mbale,Nkoma
Uganda,Eastern Region,Mbale,Bungokho,Busoba
Uganda,Eastern Region,Mbale,Wanale,Mooni
Uganda,Eastern Region,Mbale,Naboa,Busamaga
Uganda,Northern Region,Gulu,Gulu,Layibi
Uganda,Northern Region,Gulu,Gulu,Pece
Uganda,Northern Region,Gulu,Gulu,Bardege
Uganda,Northern Region,Gulu,Unyama,Awach
Uganda,Northern Region,Gulu,Patiko,Pabwoc
Uganda,Northern Region,Lira,Lira,Adyel
Uganda,Northern Region,Lira,Lira,Ojwina
Uganda,Northern Region,Lira,Amac,Barogole
Uganda,Northern Region,Lira,Aromo,Agweng
Uganda,Northern Region,Lira,Barr,Ayer
Uganda,Western Region,Mbarara,Mbarara,Kakoba
Uganda,Western Region,Mbarara,Mbarara,Nyamitanga
Uganda,Western Region,Mbarara,Biharwe,Ruti
Uganda,Western Region,Mbarara,Bwizibwera,Kashari
Uganda,Western Region,Mbarara,Rubindi,Kakiika
Uganda,Western Region,Kabale,Kabale,Rushoroza
Uganda,Western Region,Kabale,Kabale,Kikungiri
Uganda,Western Region,Kabale,Katuna,Muko
Uganda,Western Region,Kabale,Hamurwa,Rubaya
Uganda,Western Region,Kabale,Maziba,Bubare
Uganda,Central Region,Luwero,Busiika,Kayindo
Uganda,Central Region,Luwero,Busiika,Bunyolo
Uganda,Central Region,Luwero,Wobulenzi,Katikamu
Uganda,Central Region,Luwero,Luwero,Kasana
Uganda,Central Region,Luwero,Zirobwe,Kikyusa
Uganda,Central Region,Wakiso,Nansana,Gganda
Uganda,Central Region,Wakiso,Gayaza,Manyangwa
Uganda,Central Region,Wakiso,Kira,Bulindo
Uganda,Central Region,Wakiso,Entebbe,Kitoro
Uganda,Central Region,Wakiso,Kajjansi,Kitende
Uganda,Central Region,Mukono,Mukono,Ggulu
Uganda,Central Region,Mukono,Seeta,Namugongo
Uganda,Central Region,Mukono,Ntenjeru,Koome
Uganda,Central Region,Mukono,Nakifuma,Naggalama
Uganda,Central Region,Mukono,Lugazi,Najjembe
Uganda,Central Region,Kampala,Kampala,Kololo
Uganda,Central Region,Kampala,Kampala,Ntinda
Uganda,Central Region,Kampala,Kampala,Makerere
Uganda,Central Region,Kampala,Kampala,Kisenyi
Uganda,Central Region,Kampala,Kampala,Bukoto
Uganda,Eastern Region,Jinja,Jinja,Walukuba
Uganda,Eastern Region,Jinja,Jinja,Masese
Uganda,Eastern Region,Jinja,Kakira,Buwenge
Uganda,Eastern Region,Jinja,Bugembe,Namulesa
Uganda,Eastern Region,Jinja,Mpumudde,Wanyange
Uganda,Eastern Region,Mbale,Mbale,Namatala
Uganda,Eastern Region,Mbale,Mbale,Nkoma
Uganda,Eastern Region,Mbale,Bungokho,Busoba
Uganda,Eastern Region,Mbale,Wanale,Mooni
Uganda,Eastern Region,Mbale,Naboa,Busamaga
Uganda,Northern Region,Gulu,Gulu,Layibi
Uganda,Northern Region,Gulu,Gulu,Pece
Uganda,Northern Region,Gulu,Gulu,Bardege
Uganda,Northern Region,Gulu,Unyama,Awach
Uganda,Northern Region,Gulu,Patiko,Pabwoc
Uganda,Northern Region,Lira,Lira,Adyel
Uganda,Northern Region,Lira,Lira,Ojwina
Uganda,Northern Region,Lira,Amac,Barogole
Uganda,Northern Region,Lira,Aromo,Agweng
Uganda,Northern Region,Lira,Barr,Ayer
Uganda,Western Region,Mbarara,Mbarara,Kakoba
Uganda,Western Region,Mbarara,Mbarara,Nyamitanga
Uganda,Western Region,Mbarara,Biharwe,Ruti
Uganda,Western Region,Mbarara,Bwizibwera,Kashari
Uganda,Western Region,Mbarara,Rubindi,Kakiika
Uganda,Western Region,Kabale,Kabale,Rushoroza
Uganda,Western Region,Kabale,Kabale,Kikungiri
Uganda,Western Region,Kabale,Katuna,Muko
Uganda,Western Region,Kabale,Hamurwa,Rubaya
Uganda,Western Region,Kabale,Maziba,Bubare
Uganda,Central Region,Luwero,Busiika,Kayindo
Uganda,Central Region,Luwero,Busiika,Bunyolo
Uganda,Central Region,Luwero,Wobulenzi,Katikamu
Uganda,Central Region,Luwero,Luwero,Kasana
Uganda,Central Region,Luwero,Zirobwe,Kikyusa
Uganda,Central Region,Wakiso,Nansana,Gganda
Uganda,Central Region,Wakiso,Gayaza,Manyangwa
Uganda,Central Region,Wakiso,Kira,Bulindo
Uganda,Central Region,Wakiso,Entebbe,Kitoro
Uganda,Central Region,Wakiso,Kajjansi,Kitende
Uganda,Central Region,Mukono,Mukono,Ggulu
Uganda,Central Region,Mukono,Seeta,Namugongo
Uganda,Central Region,Mukono,Ntenjeru,Koome
Uganda,Central Region,Mukono,Nakifuma,Naggalama
Uganda,Central Region,Mukono,Lugazi,Najjembe
Uganda,Central Region,Kampala,Kampala,Kololo
Uganda,Central Region,Kampala,Kampala,Ntinda
Uganda,Central Region,Kampala,Kampala,Makerere
Uganda,Central Region,Kampala,Kampala,Kisenyi
Uganda,Central Region,Kampala,Kampala,Bukoto
Uganda,Eastern Region,Jinja,Jinja,Walukuba
Uganda,Eastern Region,Jinja,Jinja,Masese
Uganda,Eastern Region,Jinja,Kakira,Buwenge
Uganda,Eastern Region,Jinja,Bugembe,Namulesa
Uganda,Eastern Region,Jinja,Mpumudde,Wanyange
Uganda,Eastern Region,Mbale,Mbale,Namatala
Uganda,Eastern Region,Mbale,Mbale,Nkoma
Uganda,Eastern Region,Mbale,Bungokho,Busoba
Uganda,Eastern Region,Mbale,Wanale,Mooni
Uganda,Eastern Region,Mbale,Naboa,Busamaga
Uganda,Northern Region,Gulu,Gulu,Layibi
Uganda,Northern Region,Gulu,Gulu,Pece
Uganda,Northern Region,Gulu,Gulu,Bardege
Uganda,Northern Region,Gulu,Unyama,Awach
Uganda,Northern Region,Gulu,Patiko,Pabwoc
Uganda,Northern Region,Lira,Lira,Adyel
Uganda,Northern Region,Lira,Lira,Ojwina
Uganda,Northern Region,Lira,Amac,Barogole
Uganda,Northern Region,Lira,Aromo,Agweng
Uganda,Northern Region,Lira,Barr,Ayer
Uganda,Western Region,Mbarara,Mbarara,Kakoba
Uganda,Western Region,Mbarara,Mbarara,Nyamitanga
Uganda,Western Region,Mbarara,Biharwe,Ruti
Uganda,Western Region,Mbarara,Bwizibwera,Kashari
Uganda,Western Region,Mbarara,Rubindi,Kakiika
Uganda,Western Region,Kabale,Kabale,Rushoroza
Uganda,Western Region,Kabale,Kabale,Kikungiri
Uganda,Western Region,Kabale,Katuna,Muko
Uganda,Western Region,Kabale,Hamurwa,Rubaya
Uganda,Western Region,Kabale,Maziba,Bubare
Uganda,Central Region,Luwero,Busiika,Kayindo
Uganda,Central Region,Luwero,Busiika,Bunyolo
Uganda,Central Region,Luwero,Wobulenzi,Katikamu
Uganda,Central Region,Luwero,Luwero,Kasana
Uganda,Central Region,Luwero,Zirobwe,Kikyusa
Uganda,Central Region,Wakiso,Nansana,Gganda
Uganda,Central Region,Wakiso,Gayaza,Manyangwa
Uganda,Central Region,Wakiso,Kira,Bulindo
Uganda,Central Region,Wakiso,Entebbe,Kitoro
Uganda,Central Region,Wakiso,Kajjansi,Kitende
Uganda,Central Region,Mukono,Mukono,Ggulu
Uganda,Central Region,Mukono,Seeta,Namugongo
Uganda,Central Region,Mukono,Ntenjeru,Koome
Uganda,Central Region,Mukono,Nakifuma,Naggalama
Uganda,Central Region,Mukono,Lugazi,Najjembe
Uganda,Central Region,Kampala,Kampala,Kololo
Uganda,Central Region,Kampala,Kampala,Ntinda
Uganda,Central Region,Kampala,Kampala,Makerere
Uganda,Central Region,Kampala,Kampala,Kisenyi
Uganda,Central Region,Kampala,Kampala,Bukoto
Uganda,Eastern Region,Jinja,Jinja,Walukuba
Uganda,Eastern Region,Jinja,Jinja,Masese
Uganda,Eastern Region,Jinja,Kakira,Buwenge
Uganda,Eastern Region,Jinja,Bugembe,Namulesa
Uganda,Eastern Region,Jinja,Mpumudde,Wanyange
Uganda,Eastern Region,Mbale,Mbale,Namatala
Uganda,Eastern Region,Mbale,Mbale,Nkoma
Uganda,Eastern Region,Mbale,Bungokho,Busoba
Uganda,Eastern Region,Mbale,Wanale,Mooni
Uganda,Eastern Region,Mbale,Naboa,Busamaga
Uganda,Northern Region,Gulu,Gulu,Layibi
Uganda,Northern Region,Gulu,Gulu,Pece
Uganda,Northern Region,Gulu,Gulu,Bardege
Uganda,Northern Region,Gulu,Unyama,Awach
Uganda,Northern Region,Gulu,Patiko,Pabwoc
Uganda,Northern Region,Lira,Lira,Adyel
Uganda,Northern Region,Lira,Lira,Ojwina
Uganda,Northern Region,Lira,Amac,Barogole
Uganda,Northern Region,Lira,Aromo,Agweng
Uganda,Northern Region,Lira,Barr,Ayer
Uganda,Western Region,Mbarara,Mbarara,Kakoba
Uganda,Western Region,Mbarara,Mbarara,Nyamitanga
Uganda,Western Region,Mbarara,Biharwe,Ruti
Uganda,Western Region,Mbarara,Bwizibwera,Kashari
Uganda,Western Region,Mbarara,Rubindi,Kakiika
Uganda,Western Region,Kabale,Kabale,Rushoroza
Uganda,Western Region,Kabale,Kabale,Kikungiri
Uganda,Western Region,Kabale,Katuna,Muko
Uganda,Western Region,Kabale,Hamurwa,Rubaya
Uganda,Western Region,Kabale,Maziba,Bubare
Uganda,Central Region,Luwero,Busiika,Kayindo
Uganda,Central Region,Luwero,Busiika,Bunyolo
Uganda,Central Region,Luwero,Wobulenzi,Katikamu
Uganda,Central Region,Luwero,Luwero,Kasana
Uganda,Central Region,Luwero,Zirobwe,Kikyusa
Uganda,Central Region,Wakiso,Nansana,Gganda
Uganda,Central Region,Wakiso,Gayaza,Manyangwa
Uganda,Central Region,Wakiso,Kira,Bulindo
Uganda,Central Region,Wakiso,Entebbe,Kitoro
Uganda,Central Region,Wakiso,Kajjansi,Kitende
Uganda,Central Region,Mukono,Mukono,Ggulu
Uganda,Central Region,Mukono,Seeta,Namugongo
Uganda,Central Region,Mukono,Ntenjeru,Koome
Uganda,Central Region,Mukono,Nakifuma,Naggalama
Uganda,Central Region,Mukono,Lugazi,Najjembe
Uganda,Central Region,Kampala,Kampala,Kololo
Uganda,Central Region,Kampala,Kampala,Ntinda
Uganda,Central Region,Kampala,Kampala,Makerere
Uganda,Central Region,Kampala,Kampala,Kisenyi
Uganda,Central Region,Kampala,Kampala,Bukoto
Uganda,Eastern Region,Jinja,Jinja,Walukuba
Uganda,Eastern Region,Jinja,Jinja,Masese
Uganda,Eastern Region,Jinja,Kakira,Buwenge
Uganda,Eastern Region,Jinja,Bugembe,Namulesa
Uganda,Eastern Region,Jinja,Mpumudde,Wanyange
Uganda,Eastern Region,Mbale,Mbale,Namatala
Uganda,Eastern Region,Mbale,Mbale,Nkoma
Uganda,Eastern Region,Mbale,Bungokho,Busoba
Uganda,Eastern Region,Mbale,Wanale,Mooni
Uganda,Eastern Region,Mbale,Naboa,Busamaga
Uganda,Northern Region,Gulu,Gulu,Layibi
Uganda,Northern Region,Gulu,Gulu,Pece
Uganda,Northern Region,Gulu,Gulu,Bardege
Uganda,Northern Region,Gulu,Unyama,Awach
Uganda,Northern Region,Gulu,Patiko,Pabwoc
Uganda,Northern Region,Lira,Lira,Adyel
Uganda,Northern Region,Lira,Lira,Ojwina
Uganda,Northern Region,Lira,Amac,Barogole
Uganda,Northern Region,Lira,Aromo,Agweng
Uganda,Northern Region,Lira,Barr,Ayer
Uganda,Western Region,Mbarara,Mbarara,Kakoba
Uganda,Western Region,Mbarara,Mbarara,Nyamitanga
Uganda,Western Region,Mbarara,Biharwe,Ruti
Uganda,Western Region,Mbarara,Bwizibwera,Kashari
Uganda,Western Region,Mbarara,Rubindi,Kakiika
Uganda,Western Region,Kabale,Kabale,Rushoroza
Uganda,Western Region,Kabale,Kabale,Kikungiri
Uganda,Western Region,Kabale,Katuna,Muko
Uganda,Western Region,Kabale,Hamurwa,Rubaya
Uganda,Western Region,Kabale,Maziba,Bubare
Uganda,Central Region,Luwero,Busiika,Kayindo
Uganda,Central Region,Luwero,Busiika,Bunyolo
Uganda,Central Region,Luwero,Wobulenzi,Katikamu
Uganda,Central Region,Luwero,Luwero,Kasana
Uganda,Central Region,Luwero,Zirobwe,Kikyusa
Uganda,Central Region,Wakiso,Nansana,Gganda
Uganda,Central Region,Wakiso,Gayaza,Manyangwa
Uganda,Central Region,Wakiso,Kira,Bulindo
Uganda,Central Region,Wakiso,Entebbe,Kitoro
Uganda,Central Region,Wakiso,Kajjansi,Kitende
Uganda,Central Region,Mukono,Mukono,Ggulu
Uganda,Central Region,Mukono,Seeta,Namugongo
Uganda,Central Region,Mukono,Ntenjeru,Koome
Uganda,Central Region,Mukono,Nakifuma,Naggalama
Uganda,Central Region,Mukono,Lugazi,Najjembe
Uganda,Central Region,Kampala,Kampala,Kololo
Uganda,Central Region,Kampala,Kampala,Ntinda
Uganda,Central Region,Kampala,Kampala,Makerere
Uganda,Central Region,Kampala,Kampala,Kisenyi
Uganda,Central Region,Kampala,Kampala,Bukoto
Uganda,Eastern Region,Jinja,Jinja,Walukuba
Uganda,Eastern Region,Jinja,Jinja,Masese
Uganda,Eastern Region,Jinja,Kakira,Buwenge
Uganda,Eastern Region,Jinja,Bugembe,Namulesa
Uganda,Eastern Region,Jinja,Mpumudde,Wanyange
Uganda,Eastern Region,Mbale,Mbale,Namatala
Uganda,Eastern Region,Mbale,Mbale,Nkoma
Uganda,Eastern Region,Mbale,Bungokho,Busoba
Uganda,Eastern Region,Mbale,Wanale,Mooni
Uganda,Eastern Region,Mbale,Naboa,Busamaga
Uganda,Northern Region,Gulu,Gulu,Layibi
Uganda,Northern Region,Gulu,Gulu,Pece
Uganda,Northern Region,Gulu,Gulu,Bardege
Uganda,Northern Region,Gulu,Unyama,Awach
Uganda,Northern Region,Gulu,Patiko,Pabwoc
Uganda,Northern Region,Lira,Lira,Adyel
Uganda,Northern Region,Lira,Lira,Ojwina
Uganda,Northern Region,Lira,Amac,Barogole
Uganda,Northern Region,Lira,Aromo,Agweng
Uganda,Northern Region,Lira,Barr,Ayer
Uganda,Western Region,Mbarara,Mbarara,Kakoba
Uganda,Western Region,Mbarara,Mbarara,Nyamitanga
Uganda,Western Region,Mbarara,Biharwe,Ruti
Uganda,Western Region,Mbarara,Bwizibwera,Kashari
Uganda,Western Region,Mbarara,Rubindi,Kakiika
Uganda,Western Region,Kabale,Kabale,Rushoroza
Uganda,Western Region,Kabale,Kabale,Kikungiri
Uganda,Western Region,Kabale,Katuna,Muko
Uganda,Western Region,Kabale,Hamurwa,Rubaya
Uganda,Western Region,Kabale,Maziba,Bubare
Uganda,Central Region,Luwero,Busiika,Kayindo
Uganda,Central Region,Luwero,Busiika,Bunyolo
Uganda,Central Region,Luwero,Wobulenzi,Katikamu
Uganda,Central Region,Luwero,Luwero,Kasana
Uganda,Central Region,Luwero,Zirobwe,Kikyusa
Uganda,Central Region,Wakiso,Nansana,Gganda
Uganda,Central Region,Wakiso,Gayaza,Manyangwa
Uganda,Central Region,Wakiso,Kira,Bulindo
Uganda,Central Region,Wakiso,Entebbe,Kitoro
Uganda,Central Region,Wakiso,Kajjansi,Kitende
Uganda,Central Region,Mukono,Mukono,Ggulu
Uganda,Central Region,Mukono,Seeta,Namugongo
Uganda,Central Region,Mukono,Ntenjeru,Koome
Uganda,Central Region,Mukono,Nakifuma,Naggalama
Uganda,Central Region,Mukono,Lugazi,Najjembe
Uganda,Central Region,Kampala,Kampala,Kololo
Uganda,Central Region,Kampala,Kampala,Ntinda
Uganda,Central Region,Kampala,Kampala,Makerere
Uganda,Central Region,Kampala,Kampala,Kisenyi
Uganda,Central Region,Kampala,Kampala,Bukoto
Uganda,Eastern Region,Jinja,Jinja,Walukuba
Uganda,Eastern Region,Jinja,Jinja,Masese
Uganda,Eastern Region,Jinja,Kakira,Buwenge
Uganda,Eastern Region,Jinja,Bugembe,Namulesa
Uganda,Eastern Region,Jinja,Mpumudde,Wanyange
Uganda,Eastern Region,Mbale,Mbale,Namatala
Uganda,Eastern Region,Mbale,Mbale,Nkoma
Uganda,Eastern Region,Mbale,Bungokho,Busoba
Uganda,Eastern Region,Mbale,Wanale,Mooni
Uganda,Eastern Region,Mbale,Naboa,Busamaga
Uganda,Northern Region,Gulu,Gulu,Layibi
Uganda,Northern Region,Gulu,Gulu,Pece
Uganda,Northern Region,Gulu,Gulu,Bardege
Uganda,Northern Region,Gulu,Unyama,Awach
Uganda,Northern Region,Gulu,Patiko,Pabwoc
Uganda,Northern Region,Lira,Lira,Adyel
Uganda,Northern Region,Lira,Lira,Ojwina
Uganda,Northern Region,Lira,Amac,Barogole
Uganda,Northern Region,Lira,Aromo,Agweng
Uganda,Northern Region,Lira,Barr,Ayer
Uganda,Western Region,Mbarara,Mbarara,Kakoba
Uganda,Western Region,Mbarara,Mbarara,Nyamitanga
Uganda,Western Region,Mbarara,Biharwe,Ruti
Uganda,Western Region,Mbarara,Bwizibwera,Kashari
Uganda,Western Region,Mbarara,Rubindi,Kakiika
Uganda,Western Region,Kabale,Kabale,Rushoroza
Uganda,Western Region,Kabale,Kabale,Kikungiri
Uganda,Western Region,Kabale,Katuna,Muko
Uganda,Western Region,Kabale,Hamurwa,Rubaya
Uganda,Western Region,Kabale,Maziba,Bubare
Uganda,Central Region,Luwero,Busiika,Kayindo
Uganda,Central Region,Luwero,Busiika,Bunyolo
Uganda,Central Region,Luwero,Wobulenzi,Katikamu
Uganda,Central Region,Luwero,Luwero,Kasana
Uganda,Central Region,Luwero,Zirobwe,Kikyusa
Uganda,Central Region,Wakiso,Nansana,Gganda
Uganda,Central Region,Wakiso,Gayaza,Manyangwa
Uganda,Central Region,Wakiso,Kira,Bulindo
Uganda,Central Region,Wakiso,Entebbe,Kitoro
Uganda,Central Region,Wakiso,Kajjansi,Kitende
Uganda,Central Region,Mukono,Mukono,Ggulu
Uganda,Central Region,Mukono,Seeta,Namugongo
Uganda,Central Region,Mukono,Ntenjeru,Koome
Uganda,Central Region,Mukono,Nakifuma,Naggalama
Uganda,Central Region,Mukono,Lugazi,Najjembe
Uganda,Central Region,Kampala,Kampala,Kololo
Uganda,Central Region,Kampala,Kampala,Ntinda
Uganda,Central Region,Kampala,Kampala,Makerere
Uganda,Central Region,Kampala,Kampala,Kisenyi
Uganda,Central Region,Kampala,Kampala,Bukoto
Uganda,Eastern Region,Jinja,Jinja,Walukuba
Uganda,Eastern Region,Jinja,Jinja,Masese
Uganda,Eastern Region,Jinja,Kakira,Buwenge
Uganda,Eastern Region,Jinja,Bugembe,Namulesa
Uganda,Eastern Region,Jinja,Mpumudde,Wanyange
Uganda,Eastern Region,Mbale,Mbale,Namatala
Uganda,Eastern Region,Mbale,Mbale,Nkoma
Uganda,Eastern Region,Mbale,Bungokho,Busoba
Uganda,Eastern Region,Mbale,Wanale,Mooni
Uganda,Eastern Region,Mbale,Naboa,Busamaga
Uganda,Northern Region,Gulu,Gulu,Layibi
Uganda,Northern Region,Gulu,Gulu,Pece
Uganda,Northern Region,Gulu,Gulu,Bardege
Uganda,Northern Region,Gulu,Unyama,Awach
Uganda,Northern Region,Gulu,Patiko,Pabwoc
Uganda,Northern Region,Lira,Lira,Adyel
Uganda,Northern Region,Lira,Lira,Ojwina
Uganda,Northern Region,Lira,Amac,Barogole
Uganda,Northern Region,Lira,Aromo,Agweng
Uganda,Northern Region,Lira,Barr,Ayer
Uganda,Western Region,Mbarara,Mbarara,Kakoba
Uganda,Western Region,Mbarara,Mbarara,Nyamitanga
Uganda,Western Region,Mbarara,Biharwe,Ruti
Uganda,Western Region,Mbarara,Bwizibwera,Kashari
Uganda,Western Region,Mbarara,Rubindi,Kakiika
Uganda,Western Region,Kabale,Kabale,Rushoroza
Uganda,Western Region,Kabale,Kabale,Kikungiri
Uganda,Western Region,Kabale,Katuna,Muko
Uganda,Western Region,Kabale,Hamurwa,Rubaya
Uganda,Western Region,Kabale,Maziba,Bubare
